{
"scene": "dadesBCN",
"typeScene": "REALDATA",
"base" : {
   "type": "FITTEDPLANE",
   "normal": [0.0, 1.0, 0.0],
   "point": [0.0, -1.0, 0.0],
   "pmin": [-10.0, -10.0],
   "pmax": [10.0, 10.0],
   "material": {
   "type": "MATERIALTEXTURA",
   "ka": [0.1, 0.1, 0.1],
   "kd": [1,1,1],
   "ks": [1.0, 1.0, 1.0],
   "shininess": 50.0,
   "textureFile": "://resources/mapBCN.png"
    }
},
"Real": {
  "minPoint": [2.1103, 41.3581],
  "maxPoint": [2.2075, 41.4423]
},
"Virtual": {
  "minPoint": [-5,  -1, -5],
  "maxPoint": [ 5,  2,  5.31]
},"properties": [
{
"name": "AssistenciaConcerts",
"gyzmo": "cylinder",
"minValue": 1800,
"maxValue": 382703,
"colorMap": "COLOR_MAP_TYPE_PLASMA",
"material": {
    "type": "LAMBERTIAN",
    "ka": [0.2, 0.2, 0.2],
    "kd": [0.7,0.6,0.5],
    "ks": [0.7, 0.7, 0.7],
    "kt": [0.6, 0.6, 0.6],
    "nut" : 1.0,
    "shininess": 10.0
 },
"data": [
[2.1621234, 41.4056165,  6100,12300],
[ 2.1977698, 41.4034215,  2900,14000],
[2.135380995, 41.389714424,  37596,7000],
[ 2.1564047, 41.4062419,  3650,60000],
[ 2.185382, 41.435443,  9483,9000],
[ 2.169583037, 41.375154356,  75000,250000],
[ 2.175174697, 41.380544047,  12221,12000],
[ 2.185268003, 41.379703771,  81833,120000]
 ]
 }
 ]
}
